1;Adalberto;Mayo;11010;Adalberto.Mayo@gmail.com
2;Severino;Palau;11087;Severino.Palau@gmail.com
3;Juan;Camino;11043;Juan.Camino@gmail.com
4;Flavio;Crespo;11044;Flavio.Crespo@gmail.com
5;Tere;Blasco;11056;Tere.Blasco@gmail.com
6;Celestino;Hernando;11007;Celestino.Hernando@gmail.com
7;Crescencia;Polo;11066;Crescencia.Polo@gmail.com
8;Jacinta;Isern;11055;Jacinta.Isern@gmail.com
9;Eli;Chamorro;11036;Eli.Chamorro@gmail.com
10;Erasmo;Iniesta;11076;Erasmo.Iniesta@gmail.com
11;Adelina;Barberá;11041;Adelina.Barberá@gmail.com
12;Eugenia;Goicoechea;11080;Eugenia.Goicoechea@gmail.com
13;Cornelio;Larrea;11091;Cornelio.Larrea@gmail.com
14;Cesar;Izquierdo;11081;Cesar.Izquierdo@gmail.com
15;Arturo;Río;11096;Arturo.Río@gmail.com
16;Fortunato;Amat;11029;Fortunato.Amat@gmail.com
17;Palmira;Cuéllar;11003;Palmira.Cuéllar@gmail.com
18;Nazario;Ángel;11070;Nazario.Ángel@gmail.com
19;Gala;Catalán;11025;Gala.Catalán@gmail.com
20;Victor Manuel;Benitez;11097;Victor Manuel.Benitez@gmail.com
21;Ana Sofía;Arenas;11062;Ana Sofía.Arenas@gmail.com
22;Ignacia;Nieto;11058;Ignacia.Nieto@gmail.com
23;Alfredo;Abad;11052;Alfredo.Abad@gmail.com
24;Ambrosio;Valentín;11014;Ambrosio.Valentín@gmail.com
25;Ofelia;Estevez;11049;Ofelia.Estevez@gmail.com
26;Julieta;Riquelme;11022;Julieta.Riquelme@gmail.com
27;Carolina;Valera;11045;Carolina.Valera@gmail.com
28;Lucía;Llobet;11032;Lucía.Llobet@gmail.com
29;Victorino;Alberola;11071;Victorino.Alberola@gmail.com
30;Cecilia;Losada;11020;Cecilia.Losada@gmail.com
31;Lina;Narváez;11067;Lina.Narváez@gmail.com
32;José Antonio;Taboada;11034;José Antonio.Taboada@gmail.com
33;Paco;Abril;11095;Paco.Abril@gmail.com
34;Victoriano;Acuña;11085;Victoriano.Acuña@gmail.com
35;Carina;Caballero;11006;Carina.Caballero@gmail.com
36;Nazaret;Boada;11068;Nazaret.Boada@gmail.com
37;Jose;Iglesia;11093;Jose.Iglesia@gmail.com
38;Pelayo;Pedro;11075;Pelayo.Pedro@gmail.com
39;Consuelo;Pérez;11047;Consuelo.Pérez@gmail.com
40;Dalila;Gil;11023;Dalila.Gil@gmail.com
41;Charo;Lucena;11018;Charo.Lucena@gmail.com
42;Blanca;Solé;11004;Blanca.Solé@gmail.com
43;Enrique;Navarrete;11002;Enrique.Navarrete@gmail.com
44;Fernando;Casanova;11021;Fernando.Casanova@gmail.com
45;Zaira;Company;11072;Zaira.Company@gmail.com
46;Santiago;Gaya;11053;Santiago.Gaya@gmail.com
47;Carmina;Morante;11031;Carmina.Morante@gmail.com
48;Paca;Caparrós;11074;Paca.Caparrós@gmail.com
49;Mario;Velasco;11001;Mario.Velasco@gmail.com
50;Iván;Huerta;11092;Iván.Huerta@gmail.com
51;Arcelia;Plaza;11017;Arcelia.Plaza@gmail.com
52;Edgardo;Cueto;11040;Edgardo.Cueto@gmail.com
53;Eric;Batalla;11013;Eric.Batalla@gmail.com
54;Vinicio;Méndez;11009;Vinicio.Méndez@gmail.com
55;Asdrubal;Fonseca;11082;Asdrubal.Fonseca@gmail.com
56;Trini;Pla;11026;Trini.Pla@gmail.com
57;Leocadio;Ortiz;11063;Leocadio.Ortiz@gmail.com
58;Jonatan;Cifuentes;11038;Jonatan.Cifuentes@gmail.com
59;Flor;Nebot;11011;Flor.Nebot@gmail.com
60;Cándida;Barrera;11079;Cándida.Barrera@gmail.com
61;Jose Ramón;Checa;11012;Jose Ramón.Checa@gmail.com
62;Luis Ángel;Abascal;11057;Luis Ángel.Abascal@gmail.com
63;Sebastian;Soto;11030;Sebastian.Soto@gmail.com
64;Aristides;Planas;11086;Aristides.Planas@gmail.com
65;Pablo;Ferrán;11088;Pablo.Ferrán@gmail.com
66;Silvio;Acuña;11059;Silvio.Acuña@gmail.com
67;Marita;Mendizábal;11027;Marita.Mendizábal@gmail.com
68;Ángeles;Dávila;11005;Ángeles.Dávila@gmail.com
69;Mayte;Prieto;11035;Mayte.Prieto@gmail.com
70;Rolando;Royo;11042;Rolando.Royo@gmail.com
71;Eustaquio;Casanovas;11100;Eustaquio.Casanovas@gmail.com
72;Miriam;Aguiló;11048;Miriam.Aguiló@gmail.com
73;Casandra;Briones;11000;Casandra.Briones@gmail.com
74;Simón;Cabeza;11083;Simón.Cabeza@gmail.com
75;Maite;Barrera;11037;Maite.Barrera@gmail.com
76;Andrés;Leiva;11073;Andrés.Leiva@gmail.com
77;Florentino;Galvez;11078;Florentino.Galvez@gmail.com
78;Inocencio;Galvez;11016;Inocencio.Galvez@gmail.com
79;José;Calvo;11084;José.Calvo@gmail.com
80;Diana;Ruiz;11028;Diana.Ruiz@gmail.com
81;Melisa;Martin;11046;Melisa.Martin@gmail.com
82;Anita;Milla;11015;Anita.Milla@gmail.com
83;Godofredo;Peiró;11089;Godofredo.Peiró@gmail.com
84;Odalys;Morante;11039;Odalys.Morante@gmail.com
85;Ana;Jiménez;11069;Ana.Jiménez@gmail.com
86;Eligia;Marin;11077;Eligia.Marin@gmail.com
87;Teo;Román;11051;Teo.Román@gmail.com
88;Abigaíl;Reina;11033;Abigaíl.Reina@gmail.com
89;Loreto;Rincón;11024;Loreto.Rincón@gmail.com
90;Albina;Guardiola;11090;Albina.Guardiola@gmail.com
91;Maristela;Samper;11099;Maristela.Samper@gmail.com
92;Trinidad;Alarcón;11050;Trinidad.Alarcón@gmail.com
93;Jonatan;Guijarro;11060;Jonatan.Guijarro@gmail.com
94;Aarón;Rey;11064;Aarón.Rey@gmail.com
95;Herminio;Casares;11098;Herminio.Casares@gmail.com
96;Mohamed;Rocha;11019;Mohamed.Rocha@gmail.com
97;Bautista;Oliveras;11094;Bautista.Oliveras@gmail.com
